[
  {
    "icon": "fa fa-home",
    "slug": "external",
    "title": "Volver al inicio",
    "path": "index.html"
  },  
  { 
    "id": 1,
    "icon": "fa fa-play-circle",
    "slug": "introduccion",
    "title": "Introducción",
    "breadcrumb": ["Inicio","Introducción"],
    "path": "pages/introduccion.html"
  },  
  { 
    "id": 1,
    "icon": "fa fa-file-text",
    "slug": "Procedimiento_de_auditoria",
    "title": "1. Procedimiento de auditoría",
    "breadcrumb": ["Inicio","Introducción"],
    "path": "pages/1-tema.html",    
    "submenu": [
      {
        "icon": "fa fa-file-text",
        "slug": "Procedimiento_de_auditoria",
        "title": "1.1. Características de la auditoría",
        "anchor": "11"
      },   
      {
        "icon": "fa fa-file-text",
        "slug": "Procedimiento_de_auditoria",
        "title": "1.2. Procedimiento de la auditoría",
        "anchor": "12"
      },   
      {
        "icon": "fa fa-file-text",
        "slug": "Procedimiento_de_auditoria",
        "title": "1.3. Plan anual de auditoría",
        "anchor": "13"
      }     
    ]   
  },
  { 
    "id": 1,
    "icon": "fa fa-file-text",
    "slug": "Tipos_de_auditorias",
    "title": "2. Tipos de auditorías",
    "breadcrumb": ["Inicio","Introducción"],
    "path": "pages/2-tema.html",    
    "submenu": [
      {
        "icon": "fa fa-file-text",
        "slug": "Tipos_de_auditorias",
        "title": "2.1. Auditoría intermedia",
        "anchor": "21"
      },   
      {
        "icon": "fa fa-file-text",
        "slug": "Tipos_de_auditorias",
        "title": "2.2. Auditoría final",
        "anchor": "22"
      },   
      {
        "icon": "fa fa-file-text",
        "slug": "Tipos_de_auditorias",
        "title": "2.3. Auditoría interna",
        "anchor": "23"
      },   
      {
        "icon": "fa fa-file-text",
        "slug": "Tipos_de_auditorias",
        "title": "2.4. Auditoría externa",
        "anchor": "24"
      }    
    ]   
  },
  { 
    "id": 1,
    "icon": "fa fa-file-text",
    "slug": "Premios_de_calidad",
    "title": "3. Premios de calidad",
    "breadcrumb": ["Inicio","Introducción"],
    "path": "pages/3-tema.html"
  },
  { 
    "id": 1,
    "icon": "fa fa-file-text",
    "slug": "Norma_ISO_19011",
    "title": "4. Norma ISO 19011",
    "breadcrumb": ["Inicio","Introducción"],
    "path": "pages/4-tema.html",    
    "submenu": [
      {
        "icon": "fa fa-file-text",
        "slug": "Norma_ISO_19011",
        "title": "4.1. Hallazgos de las auditorías",
        "anchor": "41"
      },   
      {
        "icon": "fa fa-file-text",
        "slug": "Norma_ISO_19011",
        "title": "4.2. Inspección vs auditoría",
        "anchor": "42"
      }   
    ]   
  }
]